filename,width,height,class,xmin,ymin,xmax,ymax
img68.jpg,275,183,no mask,111,76,168,115
img68.jpg,275,183,social distancing,92,18,195,165
img135.jpg,300,168,Social Distance,3,3,285,158
img103.jpg,275,183,no mask,92,89,179,154
img103.jpg,275,183,social distancing,64,1,231,168
img338.jpg,299,168,No Social Distance,2,5,288,162
delhi-lockdown.jpg,1044,696,No_Social_Distance,7,304,1017,692
delhi-lockdown.jpg,1044,696,Non_Mask,166,487,210,521
delhi-lockdown.jpg,1044,696,Non_Mask,75,576,110,606
delhi-lockdown.jpg,1044,696,Non_Mask,327,581,359,606
img196.jpg,284,177,Mask,2,104,25,121
img196.jpg,284,177,Mask,57,73,79,89
img196.jpg,284,177,Mask,10,33,21,42
img196.jpg,284,177,Mask,127,78,151,93
img196.jpg,284,177,Mask,172,81,192,93
img196.jpg,284,177,Mask,48,39,62,50
img196.jpg,284,177,Mask,27,31,40,41
img196.jpg,284,177,No Social Distance,3,21,279,163
img340.jpg,275,183,No Social Distance,4,73,271,178
img364.jpg,310,163,Mask,130,56,175,91
img364.jpg,310,163,Social Distance,99,6,226,162
img377.jpg,300,168,Non Mask,122,59,175,100
img377.jpg,300,168,Social Distance,67,9,239,167
img346.jpg,800,533,Social Distance,5,14,763,504
img185.jpg,300,168,Social Distance,3,10,273,149
img158.jpg,275,183,Mask,39,54,49,61
img158.jpg,275,183,Mask,104,64,115,72
img158.jpg,275,183,Mask,70,43,82,51
img158.jpg,275,183,Mask,15,47,29,56
img158.jpg,275,183,Mask,191,51,201,60
img158.jpg,275,183,Mask,244,54,252,62
img158.jpg,275,183,Mask,147,37,156,44
img158.jpg,275,183,No Social Distance,8,30,266,169
img57.jpg,141,123,Non Mask,19,65,126,121
img368.jpg,225,225,Mask,126,110,177,151
img368.jpg,225,225,Social Distance,61,35,216,215
img312.jpg,275,183,No Social Distance,4,14,264,167
img13.jpg,71,116,Mask,1,51,71,109
img332.jpg,275,183,No Social Distance,5,54,264,179
img336.jpg,275,183,No Social Distance,32,12,238,164
img67.jpg,289,175,no mask,110,49,186,106
img67.jpg,289,175,social distancing,91,2,223,140
img306.jpg,643,482,Mask,258,179,387,275
img306.jpg,643,482,Social Distance,144,59,492,460
img179.jpg,875,583,No Social Distance,4,104,865,564
img299.jpg,600,338,Social Distance,1,132,582,319
img21.jpg,91,124,Mask,4,55,86,115
img66.jpg,289,175,no mask,110,49,186,106
img66.jpg,289,175,social distancing,91,2,223,140
img289.jpg,540,240,mask,148,86,378,227
img289.jpg,540,240,social distancing,78,4,482,235
img310.jpg,274,184,Mask,179,39,213,62
img310.jpg,274,184,Mask,217,43,235,58
img310.jpg,274,184,Mask,93,39,116,57
img310.jpg,274,184,Mask,19,37,41,48
img61.jpg,275,183,no mask,170,71,253,143
img61.jpg,275,183,social distancing,137,7,269,174
img63.jpg,268,188,no mask,78,84,172,152
img63.jpg,268,188,social distancing,51,12,224,169
img83.jpg,300,168,no mask,165,60,232,97
img83.jpg,300,168,social distancing,140,9,256,160
img104.jpg,275,183,no mask,161,81,250,139
img104.jpg,275,183,social distancing,132,7,275,169
img309.jpg,275,183,Mask,90,96,111,112
img309.jpg,275,183,Mask,1,111,33,138
img309.jpg,275,183,Mask,86,41,102,51
img309.jpg,275,183,Mask,104,38,118,51
img309.jpg,275,183,Mask,120,52,136,63
img309.jpg,275,183,Mask,192,72,210,87
img243.jpg,253,199,mask,136,75,245,136
img243.jpg,253,199,social distancing,104,5,253,179
img382.jpg,283,178,Non Mask,109,70,175,138
img382.jpg,283,178,Social Distance,16,11,205,171
img397.jpg,300,168,Mask,241,32,277,67
img397.jpg,300,168,Mask,193,33,204,42
img397.jpg,300,168,Mask,134,17,148,31
img397.jpg,300,168,Mask,22,23,37,37
img397.jpg,300,168,Mask,104,48,114,58
img397.jpg,300,168,No Social Distance,7,11,297,164
img31.jpg,155,143,Non Mask,10,65,150,141
img245.jpg,275,183,mask,118,51,189,97
img245.jpg,275,183,social distancing,92,4,214,170
13Lynteris4-superJumbo.jpg,2048,1496,No_Social_Distance,10,56,2039,1490
13Lynteris4-superJumbo.jpg,2048,1496,Mask,442,1059,773,1279
13Lynteris4-superJumbo.jpg,2048,1496,Mask,967,743,1223,934
13Lynteris4-superJumbo.jpg,2048,1496,Mask,1521,638,1707,802
13Lynteris4-superJumbo.jpg,2048,1496,Mask,1701,986,1960,1188
13Lynteris4-superJumbo.jpg,2048,1496,Mask,246,495,473,652
13Lynteris4-superJumbo.jpg,2048,1496,Mask,101,909,267,1120
13Lynteris4-superJumbo.jpg,2048,1496,Mask,1148,265,1348,418
13Lynteris4-superJumbo.jpg,2048,1496,Non_Mask,848,184,1012,318
13Lynteris4-superJumbo.jpg,2048,1496,Non_Mask,19,234,157,377
img20.jpg,219,297,Mask,3,140,219,284
img188.jpg,299,168,Mask,142,47,164,64
img188.jpg,299,168,Mask,189,54,208,69
img188.jpg,299,168,Mask,236,64,256,78
img379.jpg,275,183,Non Mask,101,62,193,127
img379.jpg,275,183,Social Distance,8,4,267,175
img234.jpg,299,168,mask,158,64,207,108
img234.jpg,299,168,social distancing,119,14,224,168
img367.jpg,225,225,Mask,98,46,143,86
img367.jpg,225,225,Social Distance,57,1,225,222
img316.jpg,275,183,Non Mask,28,38,42,50
img316.jpg,275,183,Non Mask,245,67,260,80
img316.jpg,275,183,Non Mask,72,47,82,57
img316.jpg,275,183,No Social Distance,2,6,272,170
img282.jpg,429,241,mask,195,69,256,118
img282.jpg,429,241,social distancing,159,21,305,186
img95.jpg,177,284,no mask,13,140,131,240
img95.jpg,177,284,social distancing,1,20,175,267
img244.jpg,275,183,mask,118,51,189,97
img244.jpg,275,183,social distancing,92,4,214,170
img1.jpg,180,270,Non Mask,55,64,110,103
social-distancing.jpg,1072,712,Social_Distance,2,144,1050,544
social-distancing.jpg,1072,712,Non_Mask,310,212,354,248
social-distancing.jpg,1072,712,Non_Mask,729,179,756,198
social-distancing.jpg,1072,712,Non_Mask,847,162,867,181
social-distancing.jpg,1072,712,Non_Mask,933,162,953,179
social-distancing.jpg,1072,712,Non_Mask,104,370,135,401
11-13%20(2).jpg,800,533,Social_Distance,44,169,797,513
11-13%20(2).jpg,800,533,Mask,113,202,144,228
11-13%20(2).jpg,800,533,Mask,299,222,323,243
11-13%20(2).jpg,800,533,Mask,414,232,432,247
11-13%20(2).jpg,800,533,Mask,527,235,542,251
11-13%20(2).jpg,800,533,Mask,630,235,641,248
11-13%20(2).jpg,800,533,Mask,699,230,711,243
img389.jpg,875,656,Social Distance,15,120,855,476
img230.jpg,272,185,mask,84,96,184,167
img230.jpg,272,185,social distancing,43,4,255,172
img208.jpg,275,183,mask,154,68,241,135
img208.jpg,275,183,social distancing,138,6,273,175
img118.jpg,275,183,no mask,89,71,163,115
img118.jpg,275,183,social distancing,68,8,199,156
img17.jpg,92,118,Mask,3,52,91,118
img279.jpg,407,260,mask,80,85,122,107
img279.jpg,407,260,mask,313,42,350,67
img279.jpg,407,260,social distancing,37,19,392,226
img257.jpg,259,194,mask,42,72,125,124
img257.jpg,259,194,social distancing,23,10,144,172
img145.jpg,800,533,Social Distance,65,172,800,512
img145.jpg,800,533,Mask,115,201,149,226
img145.jpg,800,533,Mask,299,222,323,241
img145.jpg,800,533,Mask,417,232,432,247
img145.jpg,800,533,Mask,523,235,539,246
img145.jpg,800,533,Mask,628,238,644,248
img145.jpg,800,533,Mask,698,231,712,241
img145.jpg,800,533,Non Mask,668,235,681,249
img74.jpg,227,222,no mask,66,77,145,129
img74.jpg,227,222,social distancing,52,7,201,189
img167.jpg,318,159,Mask,34,27,53,44
img167.jpg,318,159,Mask,95,41,110,54
img167.jpg,318,159,Mask,153,35,171,50
img167.jpg,318,159,Mask,251,29,271,44
img167.jpg,318,159,Mask,121,42,135,53
img167.jpg,318,159,Mask,175,33,188,43
img167.jpg,318,159,Mask,208,37,225,49
img167.jpg,318,159,Mask,282,27,297,43
img167.jpg,318,159,No Social Distance,1,11,312,154
img119.jpg,275,183,no mask,89,71,163,115
img119.jpg,275,183,social distancing,68,8,199,156
img372.jpg,275,183,Mask,110,74,181,131
img372.jpg,275,183,Social Distance,33,3,248,180
img203.jpg,275,183,mask,86,75,181,150
img203.jpg,275,183,social distancing,66,7,229,171
img232.jpg,225,225,mask,61,89,166,168
img232.jpg,225,225,social distancing,44,8,201,196
img248.jpg,194,259,mask,34,103,158,192
img248.jpg,194,259,social distancing,26,26,188,224
img174.jpg,275,183,Mask,29,46,51,64
img174.jpg,275,183,Mask,53,48,71,61
img174.jpg,275,183,Mask,91,68,115,83
img174.jpg,275,183,Mask,134,81,160,103
img174.jpg,275,183,Non Mask,243,36,259,50
img174.jpg,275,183,No Social Distance,3,23,267,168
img283.jpg,429,241,mask,195,69,256,118
img283.jpg,429,241,social distancing,159,21,305,186
img87.jpg,300,168,no mask,107,68,182,116
img87.jpg,300,168,social distancing,91,11,231,142
img337.jpg,300,168,No Social Distance,69,17,278,163
img49.jpg,156,147,Non Mask,10,73,126,142
img394.jpg,274,184,Mask,46,26,60,37
img394.jpg,274,184,Mask,102,36,116,48
img394.jpg,274,184,Mask,136,26,149,37
img394.jpg,274,184,Mask,217,35,229,44
img394.jpg,274,184,Mask,146,67,162,78
img394.jpg,274,184,Mask,171,38,183,48
img394.jpg,274,184,No Social Distance,23,7,258,172
img26.jpg,73,107,Mask,2,41,73,106
img365.jpg,300,168,Mask,97,42,123,65
img365.jpg,300,168,Social Distance,34,8,233,163
img76.jpg,178,283,no mask,23,128,146,235
img76.jpg,178,283,social distancing,14,8,175,266
img197.jpg,300,168,Mask,61,50,88,74
img197.jpg,300,168,Mask,102,61,133,83
img197.jpg,300,168,Mask,152,70,180,91
img197.jpg,300,168,Mask,222,79,254,106
img197.jpg,300,168,Mask,183,48,207,70
img392.jpg,299,168,Mask,39,67,67,85
img392.jpg,299,168,Mask,80,18,95,30
img392.jpg,299,168,Mask,125,46,148,65
img392.jpg,299,168,Mask,243,54,270,77
img392.jpg,299,168,Non Mask,199,24,212,38
img392.jpg,299,168,No Social Distance,6,11,285,158
img308.jpg,900,450,Mask,64,154,201,258
img308.jpg,900,450,Mask,421,311,558,412
img308.jpg,900,450,Mask,659,338,778,412
img319.jpg,282,179,Non Mask,13,45,28,58
img319.jpg,282,179,Non Mask,73,54,86,63
img319.jpg,282,179,Non Mask,123,46,136,57
img319.jpg,282,179,Non Mask,154,61,167,70
img319.jpg,282,179,Non Mask,192,48,203,57
img319.jpg,282,179,No Social Distance,11,33,272,164
img54.jpg,140,122,Non Mask,28,82,121,122
img241.jpg,265,190,mask,107,54,173,98
img241.jpg,265,190,social distancing,96,2,202,154
img255.jpg,225,225,mask,76,69,161,122
img255.jpg,225,225,social distancing,60,12,185,172
img88.jpg,183,275,social distancing,64,105,131,150
img88.jpg,183,275,social distancing,42,33,172,197
img249.jpg,194,259,mask,34,103,158,192
img249.jpg,194,259,social distancing,26,26,188,224
img399.jpg,300,168,Mask,166,29,184,43
img399.jpg,300,168,Mask,204,39,219,52
img399.jpg,300,168,Mask,117,24,135,37
img399.jpg,300,168,Mask,69,25,87,40
img399.jpg,300,168,No Social Distance,11,9,285,146
img204.jpg,300,168,mask,131,50,189,84
img204.jpg,300,168,social distancing,115,16,216,142
images.jpg,275,183,No_Social_Distance,2,3,275,181
images.jpg,275,183,Mask,80,75,96,88
images.jpg,275,183,Mask,114,18,127,28
images.jpg,275,183,Mask,151,53,162,65
images.jpg,275,183,Mask,170,95,187,111
images.jpg,275,183,Mask,232,106,246,121
images.jpg,275,183,Non_Mask,196,19,208,32
images.jpg,275,183,Non_Mask,205,81,220,95
img155.jpg,267,189,Mask,65,85,95,101
img155.jpg,267,189,Mask,122,48,145,66
img155.jpg,267,189,Mask,152,51,168,64
img155.jpg,267,189,Mask,219,52,238,66
img155.jpg,267,189,No Social Distance,5,21,264,187
img355.jpg,275,183,Social Distance,30,75,263,165
img393.jpg,259,194,Mask,33,53,54,71
img393.jpg,259,194,Mask,73,45,95,60
img393.jpg,259,194,Mask,144,89,174,107
img393.jpg,259,194,Mask,116,54,145,71
img393.jpg,259,194,Mask,172,45,196,66
img393.jpg,259,194,Mask,207,70,231,87
img393.jpg,259,194,Mask,222,27,239,40
img393.jpg,259,194,Mask,17,31,32,39
img393.jpg,259,194,Mask,3,30,15,40
img393.jpg,259,194,Mask,37,144,94,191
img393.jpg,259,194,No Social Distance,3,5,252,194
img384.jpg,259,194,Non Mask,108,48,166,91
img384.jpg,259,194,Social Distance,30,1,227,194
img296.jpg,300,168,Mask,109,37,129,53
img296.jpg,300,168,Mask,209,24,227,38
img296.jpg,300,168,Mask,153,63,172,76
img296.jpg,300,168,Mask,10,17,22,28
img296.jpg,300,168,No Social Distance,4,5,289,157
img318.jpg,1200,627,Non Mask,102,341,142,373
img318.jpg,1200,627,Non Mask,190,344,244,378
img318.jpg,1200,627,Non Mask,438,303,478,336
img318.jpg,1200,627,Non Mask,402,334,439,369
img318.jpg,1200,627,Non Mask,303,318,339,354
img318.jpg,1200,627,Non Mask,370,306,397,336
img318.jpg,1200,627,Non Mask,534,313,572,344
img318.jpg,1200,627,Non Mask,797,320,836,354
img318.jpg,1200,627,No Social Distance,11,287,1172,594
img144.jpg,800,533,Social Distance,40,166,800,515
img144.jpg,800,533,Mask,112,202,144,226
img144.jpg,800,533,Mask,296,222,323,242
img144.jpg,800,533,Mask,414,234,433,247
img144.jpg,800,533,Mask,525,234,540,247
img144.jpg,800,533,Mask,630,239,640,247
img144.jpg,800,533,Mask,700,232,715,241
img144.jpg,800,533,Non Mask,668,234,681,244
img273.jpg,1755,1240,mask,853,466,1229,687
img273.jpg,1755,1240,social distancing,772,177,1469,950
img151.jpg,275,183,Social Distance,2,79,258,165
img207.jpg,283,178,mask,152,49,221,95
img207.jpg,283,178,social distancing,144,2,253,143
img51.jpg,135,145,Non Mask,8,74,121,141
img246.jpg,194,259,mask,55,96,151,169
img246.jpg,194,259,social distancing,45,43,181,234
img182.jpg,275,183,No Social Distance,2,41,265,165
img48.jpg,152,133,Non Mask,19,68,145,130
img71.jpg,247,204,no mask,128,74,173,105
img71.jpg,247,204,social distancing,98,17,210,178
img30.jpg,429,338,Mask,2,65,429,338
img166.jpg,266,189,Mask,59,110,91,133
img166.jpg,266,189,Mask,193,128,234,159
img166.jpg,266,189,Mask,112,82,142,103
img166.jpg,266,189,Mask,142,24,160,39
img166.jpg,266,189,Mask,157,77,180,97
img166.jpg,266,189,Mask,27,41,48,62
img166.jpg,266,189,No Social Distance,5,6,259,173
img349.jpg,275,183,Social Distance,2,29,269,178
1584332886-5678.jpg,620,464,No_Social_Distance,5,13,614,464
1584332886-5678.jpg,620,464,Non_Mask,34,80,70,116
1584332886-5678.jpg,620,464,Mask,199,91,227,118
1584332886-5678.jpg,620,464,Non_Mask,267,59,292,83
1584332886-5678.jpg,620,464,Mask,354,60,387,87
1584332886-5678.jpg,620,464,Mask,462,233,493,259
img386.jpg,1072,712,Social Distance,10,148,1059,516
img386.jpg,1072,712,Non Mask,312,217,347,246
img386.jpg,1072,712,Non Mask,727,176,755,198
img386.jpg,1072,712,Non Mask,846,159,868,181
img7.jpg,135,144,Mask,1,53,135,144
img335.jpg,275,183,No Social Distance,3,19,263,102
img335.jpg,275,183,No Social Distance,5,109,86,178
img114.jpg,275,183,no mask,149,68,198,101
img114.jpg,275,183,social distancing,135,17,233,141
img286.jpg,422,254,mask,160,87,304,189
img286.jpg,422,254,social distancing,142,3,397,220
img102.jpg,275,183,no mask,92,89,179,154
img102.jpg,275,183,social distancing,64,1,231,168
img6.jpg,284,392,Mask,5,165,274,388
img228.jpg,185,273,mask,55,106,150,173
img228.jpg,185,273,social distancing,31,25,180,237
img37.jpg,146,149,Non Mask,1,60,110,136
img264.jpg,1240,1755,mask,151,790,637,1140
img264.jpg,1240,1755,social distancing,37,440,976,1352
img101.jpg,275,183,no mask,30,61,101,115
img101.jpg,275,183,social distancing,9,3,140,177
img284.jpg,438,247,mask,149,71,215,136
img284.jpg,438,247,social distancing,131,11,312,196
img93.jpg,300,168,no mask,102,55,199,119
img93.jpg,300,168,social distancing,76,2,273,154
img72.jpg,275,183,no mask,98,73,147,109
img72.jpg,275,183,social distancing,80,20,197,166
img126.jpg,1755,1240,no mask,623,374,1005,680
img126.jpg,1755,1240,social distancing,456,3,1464,1038
img171.jpg,263,191,Mask,25,39,49,61
img171.jpg,263,191,Mask,102,63,120,76
img171.jpg,263,191,Mask,144,80,170,103
img171.jpg,263,191,Mask,207,47,233,70
img171.jpg,263,191,No Social Distance,5,32,250,170
img220.jpg,275,183,mask,123,67,217,125
img220.jpg,275,183,social distancing,100,6,275,177
img303.jpg,259,194,Mask,13,110,44,137
img303.jpg,259,194,Mask,64,81,92,103
img303.jpg,259,194,Mask,8,42,30,63
img303.jpg,259,194,Mask,118,86,143,107
img303.jpg,259,194,Non Mask,159,55,179,77
img303.jpg,259,194,No Social Distance,1,16,247,161
img366.jpg,275,183,Mask,123,75,166,107
img366.jpg,275,183,Social Distance,64,34,218,178
img18.jpg,98,127,Mask,1,84,98,127
img275.jpg,275,183,mask,116,56,209,119
img275.jpg,275,183,social distancing,92,7,228,159
img330.jpg,259,194,No Social Distance,39,5,249,185
img376.jpg,275,183,Social Distance,61,23,217,178
img376.jpg,275,183,Non Mask,126,65,170,96
img96.jpg,183,275,no mask,23,77,139,174
img96.jpg,183,275,social distancing,3,4,178,243
img210.jpg,275,183,social distancing,160,59,208,102
img210.jpg,275,183,social distancing,134,14,240,131
img353.jpg,318,159,Social Distance,23,63,313,154
img242.jpg,253,199,mask,136,75,245,136
img242.jpg,253,199,social distancing,104,5,253,179
img221.jpg,275,183,mask,123,67,217,125
img221.jpg,275,183,social distancing,100,6,275,177
img387.jpg,1200,900,Social Distance,4,244,1164,823
img387.jpg,1200,900,Mask,27,318,62,343
img387.jpg,1200,900,Mask,185,315,214,341
img387.jpg,1200,900,Mask,348,315,383,344
img387.jpg,1200,900,Mask,970,363,1019,399
img387.jpg,1200,900,Mask,1119,259,1147,284
img164.jpg,297,170,Mask,18,43,49,72
img164.jpg,297,170,Non Mask,54,93,87,121
img164.jpg,297,170,Mask,92,98,145,131
img164.jpg,297,170,Mask,209,103,253,144
img164.jpg,297,170,Mask,114,20,136,36
img164.jpg,297,170,Mask,62,41,84,57
img164.jpg,297,170,Mask,163,42,185,62
img164.jpg,297,170,Mask,267,55,293,76
img164.jpg,297,170,Mask,87,36,110,49
img164.jpg,297,170,No Social Distance,1,7,297,167
img341.jpg,750,498,No Social Distance,16,71,725,459
img69.jpg,275,183,no mask,111,76,168,115
img69.jpg,275,183,social distancing,92,18,195,165
mask-1280x720.jpg,1280,720,Mask,583,384,848,617
img219.jpg,300,168,mask,109,58,156,91
img219.jpg,300,168,social distancing,90,5,228,144
img227.jpg,300,168,mask,62,69,191,159
img227.jpg,300,168,social distancing,64,2,212,164
img276.jpg,300,168,mask,112,56,204,115
img276.jpg,300,168,social distancing,93,3,231,149
img217.jpg,183,275,mask,34,102,154,184
img217.jpg,183,275,social distancing,16,4,180,238
img254.jpg,225,225,mask,76,69,161,122
img254.jpg,225,225,social distancing,60,12,185,172
img70.jpg,247,204,no mask,128,74,173,105
img70.jpg,247,204,social distancing,98,17,210,178
img153.jpg,275,183,Social Distance,6,21,230,168
img153.jpg,275,183,Mask,20,37,29,45
img153.jpg,275,183,Mask,61,32,69,39
img153.jpg,275,183,Mask,126,38,136,45
img170.jpg,299,168,Mask,29,27,66,52
img170.jpg,299,168,Mask,106,51,128,68
img170.jpg,299,168,Mask,161,56,176,68
img170.jpg,299,168,Mask,236,62,253,76
img170.jpg,299,168,Mask,177,128,205,147
img165.jpg,273,184,Mask,230,104,247,118
img165.jpg,273,184,Mask,174,38,192,56
img165.jpg,273,184,Mask,54,65,79,82
img165.jpg,273,184,Mask,101,58,119,72
img165.jpg,273,184,Non Mask,18,31,39,49
img165.jpg,273,184,No Social Distance,9,20,259,175
img295.jpg,299,168,No Social Distance,5,33,289,159
img295.jpg,299,168,Mask,142,80,154,92
img295.jpg,299,168,Mask,249,52,265,66
img295.jpg,299,168,Mask,217,45,233,60
img295.jpg,299,168,Mask,153,53,164,64
img295.jpg,299,168,Mask,174,57,187,67
img359.jpg,276,183,Social Distance,15,46,260,165
img80.jpg,275,183,no mask,122,69,201,116
img80.jpg,275,183,social distancing,92,2,260,163
img352.jpg,275,183,Social Distance,26,46,251,170
img195.jpg,275,183,Mask,131,65,156,81
img195.jpg,275,183,Mask,201,66,227,83
img195.jpg,275,183,No Social Distance,8,24,271,181
img55.jpg,140,149,Non Mask,14,78,125,142
img262.jpg,1755,1240,mask,771,350,1140,603
img262.jpg,1755,1240,social distancing,663,110,1394,964
img159.jpg,300,168,Mask,1,142,23,160
img159.jpg,300,168,Mask,28,125,49,138
img159.jpg,300,168,Mask,47,113,60,122
img159.jpg,300,168,Mask,17,35,32,44
img159.jpg,300,168,Mask,69,13,88,29
img159.jpg,300,168,Mask,73,61,91,77
img159.jpg,300,168,Mask,140,47,159,62
img159.jpg,300,168,Mask,102,147,123,166
img159.jpg,300,168,Mask,159,126,180,145
img159.jpg,300,168,Mask,270,88,293,106
img159.jpg,300,168,Mask,186,13,206,30
img159.jpg,300,168,Mask,214,14,236,30
img159.jpg,300,168,Mask,258,30,279,45
img159.jpg,300,168,No Social Distance,1,6,299,160
img159.jpg,300,168,Non Mask,20,57,41,72
img113.jpg,266,189,no mask,98,59,141,86
img113.jpg,266,189,social distancing,73,10,165,126
img89.jpg,183,275,social distancing,64,105,131,150
img89.jpg,183,275,social distancing,42,33,172,197
img300.jpg,284,177,Mask,43,46,64,62
img300.jpg,284,177,Mask,111,76,131,89
img300.jpg,284,177,Mask,173,62,193,80
img173.jpg,300,168,Mask,64,27,78,40
img173.jpg,300,168,Mask,132,21,150,35
img173.jpg,300,168,Mask,189,46,203,58
img173.jpg,300,168,Mask,242,50,259,63
img173.jpg,300,168,Non Mask,165,27,183,42
img212.jpg,275,183,mask,82,60,154,108
img212.jpg,275,183,social distancing,69,8,178,158
img274.jpg,275,183,mask,116,56,209,119
img274.jpg,275,183,social distancing,92,7,228,159
img36.jpg,141,123,Non Mask,12,61,137,121
img117.jpg,266,189,no mask,143,62,201,106
img117.jpg,266,189,social distancing,118,7,235,153
img85.jpg,275,183,no mask,64,57,109,85
img85.jpg,275,183,social distancing,46,18,139,125
img108.jpg,279,181,no mask,139,103,244,161
img108.jpg,279,181,social distancing,104,5,272,172
img8.jpg,161,209,Mask,7,125,147,209
img222.jpg,259,194,crack,99,6,215,135
img222.jpg,259,194,mask,90,86,149,123
img222.jpg,259,194,social distancing,74,44,199,173
img327.jpg,284,177,No Social Distance,7,24,281,163
135100-social-afp.jpg,1500,950,Social_Distance,13,12,1483,935
135100-social-afp.jpg,1500,950,Mask,1030,723,1059,759
135100-social-afp.jpg,1500,950,Mask,1372,797,1410,834
135100-social-afp.jpg,1500,950,Mask,1339,382,1366,408
135100-social-afp.jpg,1500,950,Mask,1068,358,1090,376
135100-social-afp.jpg,1500,950,Mask,219,388,234,408
135100-social-afp.jpg,1500,950,Mask,398,431,433,455
135100-social-afp.jpg,1500,950,Mask,522,278,547,296
img150.jpg,294,171,Social Distance,4,52,244,159
img305.jpg,770,433,Mask,131,102,212,178
img305.jpg,770,433,Mask,485,141,557,207
img305.jpg,770,433,Non Mask,688,237,757,298
img129.jpg,1240,1755,no mask,526,761,928,1002
img129.jpg,1240,1755,social distancing,374,311,1170,1580
img132.jpg,1755,1240,no mask,732,384,1063,596
img132.jpg,1755,1240,social distancing,530,76,1294,1082
img371.jpg,292,173,Mask,50,74,108,121
img371.jpg,292,173,Social Distance,5,10,157,169
img317.jpg,435,289,Non Mask,209,83,225,95
img317.jpg,435,289,Non Mask,266,68,278,78
img317.jpg,435,289,Non Mask,285,81,300,93
img317.jpg,435,289,Non Mask,378,76,395,89
img317.jpg,435,289,No Social Distance,7,56,430,265
img294.jpg,4800,3003,Social Distance,50,731,4605,2556
img388.jpg,1200,900,Social Distance,3,223,1186,829
img388.jpg,1200,900,Mask,25,319,66,345
img388.jpg,1200,900,Mask,182,315,219,347
img388.jpg,1200,900,Mask,967,352,1020,399
img388.jpg,1200,900,Mask,1115,260,1142,285
img388.jpg,1200,900,Mask,351,315,378,352
img46.jpg,142,126,Non Mask,10,61,136,122
img139.jpg,259,194,Social Distance,1,63,249,178
img331.jpg,300,168,No Social Distance,4,81,295,165
img133.jpg,1755,1240,no mask,732,384,1063,596
img133.jpg,1755,1240,social distancing,530,76,1294,1082
img183.jpg,1200,777,Mask,644,278,714,336
img183.jpg,1200,777,Mask,228,189,283,226
img183.jpg,1200,777,Non Mask,360,261,416,314
img183.jpg,1200,777,Non Mask,417,160,469,202
img183.jpg,1200,777,Non Mask,292,283,351,317
img183.jpg,1200,777,Non Mask,1074,264,1117,324
img183.jpg,1200,777,No Social Distance,2,82,1174,720
img131.jpg,1755,1240,no mask,607,501,1215,885
img131.jpg,1755,1240,social distancing,421,32,1552,1141
img60.jpg,275,183,no mask,170,71,253,143
img60.jpg,275,183,social distancing,137,7,269,174
img298.jpg,600,338,Social Distance,5,127,577,320
img32.jpg,142,137,Non Mask,2,58,139,134
img233.jpg,225,225,mask,61,89,166,168
img233.jpg,225,225,social distancing,44,8,201,196
img329.jpg,318,159,No Social Distance,10,42,310,140
img78.jpg,275,183,no mask,114,77,156,107
img78.jpg,275,183,social distancing,87,28,204,180
img370.jpg,305,165,Social Distance,51,4,205,159
img370.jpg,305,165,Mask,112,20,130,34
img125.jpg,1240,1755,no mask,351,523,745,742
img125.jpg,1240,1755,social distancing,255,102,1143,1436
img251.jpg,307,164,mask,113,72,215,135
img251.jpg,307,164,social distancing,105,5,221,152
img4.jpg,122,207,Mask,1,116,122,207
img315.jpg,299,168,Mask,43,55,59,68
img315.jpg,299,168,Mask,98,68,115,82
img315.jpg,299,168,Mask,139,56,157,69
img315.jpg,299,168,Mask,186,69,202,82
img315.jpg,299,168,No Social Distance,9,46,285,157
img324.jpg,265,190,Non Mask,135,31,153,46
img324.jpg,265,190,Non Mask,77,34,92,48
img324.jpg,265,190,Non Mask,93,56,105,68
img324.jpg,265,190,Non Mask,12,56,24,66
img324.jpg,265,190,Non Mask,56,40,68,51
img229.jpg,185,273,mask,55,106,150,173
img229.jpg,185,273,social distancing,31,25,180,237
img250.jpg,307,164,mask,113,72,215,135
img250.jpg,307,164,social distancing,105,5,221,152
img239.jpg,288,175,mask,36,70,189,150
img239.jpg,288,175,social distancing,37,4,210,156
img311.jpg,294,171,Mask,83,64,102,79
img311.jpg,294,171,Mask,127,54,147,71
img311.jpg,294,171,Mask,195,52,215,71
img311.jpg,294,171,Mask,275,41,293,63
img226.jpg,300,168,mask,62,69,191,159
img226.jpg,300,168,social distancing,64,2,212,164
img160.jpg,299,168,Mask,31,43,54,59
img160.jpg,299,168,Mask,103,60,127,76
img160.jpg,299,168,Mask,80,21,100,40
img160.jpg,299,168,Mask,157,37,184,58
img160.jpg,299,168,Mask,208,54,237,74
img160.jpg,299,168,Mask,242,43,267,62
img160.jpg,299,168,No Social Distance,12,3,294,161
img149.jpg,2048,1496,Mask,980,770,1189,929
img149.jpg,2048,1496,Mask,451,1072,739,1277
img149.jpg,2048,1496,Mask,248,502,482,652
img149.jpg,2048,1496,Mask,1146,265,1369,436
img149.jpg,2048,1496,Mask,1528,645,1696,800
img149.jpg,2048,1496,Mask,1712,995,1951,1181
img149.jpg,2048,1496,Mask,110,920,273,1120
img149.jpg,2048,1496,Non Mask,5,204,169,393
img149.jpg,2048,1496,Non Mask,839,177,1019,322
img149.jpg,2048,1496,No Social Distance,7,65,2037,1427
img201.jpg,1024,576,No Social Distance,18,18,990,554
img128.jpg,1240,1755,no mask,526,761,928,1002
img128.jpg,1240,1755,social distancing,374,311,1170,1580
img202.jpg,275,183,mask,86,75,181,150
img202.jpg,275,183,social distancing,66,7,229,171
img162.jpg,242,208,Mask,6,74,41,98
img162.jpg,242,208,Mask,136,79,157,97
img162.jpg,242,208,Mask,199,93,231,116
img162.jpg,242,208,Non Mask,48,60,63,73
img162.jpg,242,208,No Social Distance,2,31,240,197
img59.jpg,136,133,Non Mask,5,45,95,127
img16.jpg,58,81,Mask,1,31,56,80
img287.jpg,422,254,mask,160,87,304,189
img287.jpg,422,254,social distancing,142,3,397,220
img44.jpg,144,138,Non Mask,10,74,135,133
img115.jpg,275,183,no mask,149,68,198,101
img115.jpg,275,183,social distancing,135,17,233,141
img325.jpg,306,165,Non Mask,28,38,43,54
img325.jpg,306,165,Non Mask,45,41,58,58
img325.jpg,306,165,Non Mask,96,42,116,57
img325.jpg,306,165,Non Mask,150,42,165,56
img325.jpg,306,165,Non Mask,220,42,231,54
img168.jpg,264,191,Mask,74,70,96,87
img168.jpg,264,191,Mask,15,57,32,71
img168.jpg,264,191,Mask,78,39,97,50
img168.jpg,264,191,Mask,127,40,145,52
img168.jpg,264,191,Mask,129,81,152,99
img168.jpg,264,191,Mask,159,48,183,69
img168.jpg,264,191,No Social Distance,4,17,260,179
img268.jpg,1755,1240,mask,494,469,910,791
img268.jpg,1755,1240,social distancing,288,128,1033,953
img186.jpg,660,440,Non Mask,481,324,570,389
img186.jpg,660,440,Non Mask,205,140,243,168
img186.jpg,660,440,Mask,177,198,225,230
img186.jpg,660,440,Mask,373,144,413,174
img186.jpg,660,440,Mask,449,158,481,190
img186.jpg,660,440,No Social Distance,7,122,638,430
img2.jpg,50,84,Mask,1,38,49,82
img110.jpg,201,251,no mask,48,73,137,136
img110.jpg,201,251,social distancing,16,1,179,185
img344.jpg,1200,900,No Social Distance,8,122,1115,795
img344.jpg,1200,900,Mask,593,189,652,236
img344.jpg,1200,900,Mask,214,126,289,193
img344.jpg,1200,900,Non Mask,912,221,982,281
img344.jpg,1200,900,Non Mask,796,212,856,267
img344.jpg,1200,900,Non Mask,542,182,590,221
img213.jpg,275,183,mask,82,60,154,108
img213.jpg,275,183,social distancing,69,8,178,158
img121.jpg,1755,1240,no mask,721,505,1225,905
img121.jpg,1755,1240,social distancing,649,41,1523,1081
img137.jpg,275,183,Social Distance,7,13,162,171
img25.jpg,203,241,Mask,11,112,203,227
img369.jpg,259,194,Mask,58,75,108,112
img369.jpg,259,194,Social Distance,27,8,202,191
img23.jpg,104,132,Mask,1,63,103,124
china-virus-660.jpg,660,440,Mask,182,198,223,227
china-virus-660.jpg,660,440,Mask,381,147,415,176
china-virus-660.jpg,660,440,Mask,451,166,479,191
china-virus-660.jpg,660,440,Non_Mask,213,140,241,167
china-virus-660.jpg,660,440,Non_Mask,501,327,572,396
china-virus-660.jpg,660,440,No_Social_Distance,5,110,647,434
img380.jpg,222,227,Non Mask,96,20,121,40
img380.jpg,222,227,Social Distance,31,2,196,218
img342.jpg,875,656,No Social Distance,8,154,826,416
img396.jpg,275,183,Social Distance,10,48,271,167
img206.jpg,283,178,mask,152,49,221,95
img206.jpg,283,178,social distancing,144,2,253,143
img124.jpg,1240,1755,no mask,351,523,745,742
img124.jpg,1240,1755,social distancing,255,102,1143,1436
img302.jpg,305,165,Mask,57,56,77,68
img302.jpg,305,165,Mask,229,56,253,75
img302.jpg,305,165,Mask,161,59,185,76
img302.jpg,305,165,Mask,19,89,44,106
img302.jpg,305,165,Mask,1,106,19,128
img302.jpg,305,165,Mask,15,21,32,35
img302.jpg,305,165,Mask,95,61,114,77
img302.jpg,305,165,Mask,172,18,190,34
img302.jpg,305,165,Non Mask,104,13,121,27
img302.jpg,305,165,No Social Distance,2,8,302,156
img130.jpg,1755,1240,no mask,607,501,1215,885
img130.jpg,1755,1240,social distancing,421,32,1552,1141
img23.jpg,275,183,no mask,161,81,250,139
img23.jpg,275,183,social distancing,132,7,275,169
img106.jpg,230,219,no mask,67,96,158,150
img106.jpg,230,219,social distancing,50,23,203,200
img120.jpg,1755,1240,no mask,721,505,1225,905
img120.jpg,1755,1240,social distancing,649,41,1523,1081
img374.jpg,167,250,Non Mask,65,53,112,85
img374.jpg,167,250,Social Distance,8,10,166,238
img156.jpg,275,183,No Social Distance,35,46,209,183
img156.jpg,275,183,Mask,104,80,125,93
img156.jpg,275,183,Mask,134,83,154,98
img156.jpg,275,183,Mask,63,67,77,77
img263.jpg,1755,1240,mask,771,350,1140,603
img263.jpg,1755,1240,social distancing,663,110,1394,964
img10.jpg,90,130,Mask,1,56,86,129
img177.jpg,400,298,Social Distance,3,74,383,228
Ration-Shop-1%20(2).jpg,1200,900,No_Social_Distance,1,75,1125,847
Ration-Shop-1%20(2).jpg,1200,900,Non_Mask,908,212,986,282
Ration-Shop-1%20(2).jpg,1200,900,Non_Mask,794,212,851,266
Ration-Shop-1%20(2).jpg,1200,900,Non_Mask,547,180,588,219
Ration-Shop-1%20(2).jpg,1200,900,Non_Mask,496,89,538,130
Ration-Shop-1%20(2).jpg,1200,900,Non_Mask,63,174,93,200
Ration-Shop-1%20(2).jpg,1200,900,Mask,600,189,649,234
Ration-Shop-1%20(2).jpg,1200,900,Mask,227,147,290,195
img362.jpg,225,225,Mask,69,101,152,160
img362.jpg,225,225,Social Distance,22,20,198,214
img395.jpg,900,450,Social Distance,19,70,855,439
img152.jpg,290,174,Social Distance,3,43,289,141
img350.jpg,300,168,Social Distance,5,53,282,161
img172.jpg,300,168,Mask,46,50,67,64
img172.jpg,300,168,Mask,1,44,14,56
img172.jpg,300,168,Mask,89,49,106,64
img172.jpg,300,168,Mask,140,49,159,60
img172.jpg,300,168,Mask,190,39,208,56
img172.jpg,300,168,Mask,232,29,250,44
img109.jpg,279,181,no mask,139,103,244,161
img109.jpg,279,181,social distancing,104,5,272,172
img313.jpg,615,409,Non Mask,84,46,119,73
img313.jpg,615,409,Non Mask,209,122,228,138
img313.jpg,615,409,Non Mask,253,143,271,158
img313.jpg,615,409,Mask,307,146,323,159
img11.jpg,108,176,Mask,1,80,107,168
img136.jpg,275,183,Social Distance,26,68,255,181
img24.jpg,109,148,Mask,1,56,107,147
img339.jpg,286,176,No Social Distance,3,32,277,167
img123.jpg,1755,1240,no mask,699,439,1059,682
img123.jpg,1755,1240,social distancing,555,62,1450,1030
img127.jpg,1755,1240,no mask,623,374,1005,680
img127.jpg,1755,1240,social distancing,456,3,1464,1038
9-17%20(2).jpg,800,533,Social_Distance,11,122,800,444
9-17%20(2).jpg,800,533,Non_Mask,439,139,471,172
9-17%20(2).jpg,800,533,Non_Mask,527,155,550,170
9-17%20(2).jpg,800,533,Non_Mask,682,154,713,180
9-17%20(2).jpg,800,533,Non_Mask,756,212,769,227
img138.jpg,259,194,Social Distance,36,65,221,177
img181.jpg,855,571,No Social Distance,9,156,829,500
img9.jpg,68,99,Mask,1,33,68,96
img192.jpg,284,177,Mask,104,56,118,67
img192.jpg,284,177,Mask,174,72,190,84
img192.jpg,284,177,Mask,260,48,274,60
img192.jpg,284,177,Non Mask,208,54,222,68
img192.jpg,284,177,Non Mask,134,53,151,68
img192.jpg,284,177,Non Mask,226,53,238,65
img178.jpg,620,464,Non Mask,32,80,69,111
img178.jpg,620,464,Non Mask,263,57,296,80
img178.jpg,620,464,Mask,198,85,229,110
img178.jpg,620,464,Mask,355,59,387,83
img178.jpg,620,464,Mask,461,232,494,259
img111.jpg,201,251,no mask,48,73,137,136
img111.jpg,201,251,social distancing,16,1,179,185
lockdown21-1585130660%20(2).jpg,600,338,Social_Distance,1,130,600,319
img189.jpg,303,167,Mask,14,60,37,76
img189.jpg,303,167,Mask,60,64,86,87
img189.jpg,303,167,Mask,126,66,153,88
img189.jpg,303,167,Mask,198,48,226,67
img189.jpg,303,167,Mask,277,64,302,87
img261.jpg,1755,1240,mask,465,334,1142,761
img261.jpg,1755,1240,social distancing,378,15,1423,1016
img269.jpg,1755,1240,mask,494,469,910,791
img269.jpg,1755,1240,social distancing,288,128,1033,953
img43.jpg,157,149,Non Mask,9,66,130,131
img134.jpg,305,165,Social Distance,2,3,296,158
img348.jpg,275,183,Social Distance,4,40,262,163
img215.jpg,262,192,mask,85,54,175,110
img215.jpg,262,192,social distancing,56,1,251,155
img314.jpg,300,168,Mask,18,71,36,87
img314.jpg,300,168,Mask,66,65,84,78
img314.jpg,300,168,Mask,82,90,104,106
img314.jpg,300,168,Mask,162,81,182,100
img314.jpg,300,168,Mask,223,74,243,91
img314.jpg,300,168,Mask,277,94,291,107
img247.jpg,194,259,mask,55,96,151,169
img247.jpg,194,259,social distancing,45,43,181,234
img297.jpg,300,168,Mask,53,60,75,78
img297.jpg,300,168,Mask,79,84,105,104
img297.jpg,300,168,Mask,136,40,156,56
img297.jpg,300,168,Mask,188,64,213,84
img297.jpg,300,168,Mask,222,37,237,51
img297.jpg,300,168,Mask,65,26,78,37
img297.jpg,300,168,Mask,97,22,111,32
img297.jpg,300,168,Non Mask,22,34,41,48
img297.jpg,300,168,No Social Distance,5,12,295,158
img112.jpg,266,189,no mask,98,59,141,86
img112.jpg,266,189,social distancing,73,10,165,126
img277.jpg,300,168,mask,112,56,204,115
img277.jpg,300,168,social distancing,93,3,231,149
img79.jpg,275,183,no mask,114,77,156,107
img79.jpg,275,183,social distancing,87,28,204,180
img148.jpg,2048,1496,No Social Distance,8,13,2036,1431
img148.jpg,2048,1496,Mask,969,763,1223,936
img148.jpg,2048,1496,Mask,455,1070,748,1279
img148.jpg,2048,1496,Mask,105,906,271,1131
img148.jpg,2048,1496,Mask,1705,984,1960,1197
img148.jpg,2048,1496,Mask,1521,645,1705,793
img148.jpg,2048,1496,Mask,1142,259,1357,425
img148.jpg,2048,1496,Mask,242,506,489,654
img148.jpg,2048,1496,Non Mask,5,231,164,386
img148.jpg,2048,1496,Non Mask,848,175,1055,311
img12.jpg,124,198,Mask,10,69,122,162
img209.jpg,275,183,mask,154,68,241,135
img209.jpg,275,183,social distancing,138,6,273,175
img290.jpg,554,311,mask,276,95,371,151
img290.jpg,554,311,social distancing,228,15,466,223
img3.jpg,141,214,Mask,1,110,141,212
img347.jpg,281,179,Social Distance,5,71,278,173
img77.jpg,178,283,no mask,23,128,146,235
img77.jpg,178,283,social distancing,14,8,175,266
img321.jpg,326,155,No Social Distance,4,53,324,147
img56.jpg,152,144,Non Mask,12,72,143,139
img231.jpg,272,185,mask,84,96,184,167
img231.jpg,272,185,social distancing,43,4,255,172
img198.jpg,5900,3933,Mask,1269,2172,1869,2597
img198.jpg,5900,3933,Mask,2194,2585,2919,3122
img198.jpg,5900,3933,Mask,3263,1410,3869,1885
img198.jpg,5900,3933,Mask,4369,1960,5050,2497
img357.jpg,318,159,Social Distance,14,8,313,154
img92.jpg,300,168,no mask,102,55,199,119
img92.jpg,300,168,social distancing,76,2,273,154
img140.jpg,300,168,Social Distance,133,29,287,161
img190.jpg,1044,696,No Social Distance,1,356,1031,676
img107.jpg,230,219,no mask,67,96,158,150
img107.jpg,230,219,social distancing,50,23,203,200
img42.jpg,134,142,Non Mask,12,72,130,133
download.jpg,284,177,No_Social_Distance,2,26,281,173
download.jpg,284,177,Non_Mask,133,53,148,68
download.jpg,284,177,Non_Mask,208,57,223,68
download.jpg,284,177,Mask,40,64,51,82
download.jpg,284,177,Mask,175,74,188,84
download.jpg,284,177,Mask,103,56,115,67
download.jpg,284,177,Mask,260,52,272,60
download.jpg,284,177,Non_Mask,226,55,237,64
img65.jpg,194,259,no mask,54,115,132,170
img65.jpg,194,259,social distancing,35,15,170,216
img40.jpg,147,117,Non Mask,11,57,127,115
img322.jpg,285,177,No Social Distance,5,40,279,168
img35.jpg,145,137,Non Mask,3,67,131,133
img252.jpg,310,163,mask,129,65,197,112
img252.jpg,310,163,social distancing,121,9,226,144
img356.jpg,286,176,Social Distance,66,11,198,174
img333.jpg,275,183,No Social Distance,6,24,262,177
img38.jpg,129,114,Non Mask,7,55,126,111
health-workers-wearing-face-mask-3957987.jpg,5900,3933,Mask,1250,2172,1875,2603
health-workers-wearing-face-mask-3957987.jpg,5900,3933,Mask,2238,2578,2931,3110
health-workers-wearing-face-mask-3957987.jpg,5900,3933,Mask,3288,1428,3806,1853
health-workers-wearing-face-mask-3957987.jpg,5900,3933,Mask,4369,1985,5106,2466
health-workers-wearing-face-mask-3957987.jpg,5900,3933,No_Social_Distance,488,1003,5838,3816
img86.jpg,300,168,no mask,107,68,182,116
img86.jpg,300,168,social distancing,91,11,231,142
img94.jpg,177,284,no mask,13,140,131,240
img94.jpg,177,284,social distancing,1,20,175,267
img400.jpg,300,168,Mask,21,44,44,61
img400.jpg,300,168,Mask,43,64,64,80
img400.jpg,300,168,Mask,72,71,97,90
img400.jpg,300,168,Mask,112,59,140,83
img400.jpg,300,168,Mask,172,34,192,57
img400.jpg,300,168,Mask,180,84,207,107
img400.jpg,300,168,Mask,256,88,281,111
img400.jpg,300,168,No Social Distance,10,20,289,146
img358.jpg,770,433,Social Distance,91,140,719,393
img99.jpg,257,196,no mask,84,70,139,112
img99.jpg,257,196,social distancing,58,5,178,163
img256.jpg,259,194,mask,42,72,125,124
img256.jpg,259,194,social distancing,23,10,144,172
img73.jpg,275,183,no mask,98,73,147,109
img73.jpg,275,183,social distancing,80,20,197,166
img116.jpg,266,189,no mask,143,62,201,106
img116.jpg,266,189,social distancing,118,7,235,153
img161.jpg,300,168,Mask,187,27,197,37
img161.jpg,300,168,Mask,252,14,267,28
img161.jpg,300,168,Mask,29,30,40,38
img161.jpg,300,168,Mask,47,28,57,35
img161.jpg,300,168,Social Distance,6,11,291,159
img5.jpg,280,467,Mask,3,195,272,433
img378.jpg,245,206,Social Distance,20,29,219,206
img378.jpg,245,206,Non Mask,85,73,137,107
img383.jpg,259,194,Non Mask,98,79,156,131
img383.jpg,259,194,Social Distance,35,5,237,185
img293.jpg,300,168,Mask,128,30,143,41
img293.jpg,300,168,Mask,161,21,173,32
img293.jpg,300,168,Mask,234,40,255,56
img293.jpg,300,168,Mask,50,50,76,70
img293.jpg,300,168,Mask,222,23,233,33
img122.jpg,1755,1240,no mask,699,439,1059,682
img122.jpg,1755,1240,social distancing,555,62,1450,1030
img292.jpg,275,183,Mask,80,72,97,86
img292.jpg,275,183,Mask,170,92,190,110
img292.jpg,275,183,Mask,114,15,128,27
img292.jpg,275,183,Mask,150,51,166,66
img292.jpg,275,183,Mask,232,101,250,121
img292.jpg,275,183,Non Mask,205,79,222,95
img292.jpg,275,183,Non Mask,196,19,208,30
img292.jpg,275,183,No Social Distance,7,6,266,175
img345.jpg,259,194,Mask,13,71,34,93
img345.jpg,259,194,Mask,37,62,62,87
img345.jpg,259,194,Mask,83,67,116,98
img345.jpg,259,194,Mask,68,62,80,88
img345.jpg,259,194,Mask,134,58,181,94
img345.jpg,259,194,Mask,208,65,256,106
img265.jpg,1240,1755,mask,151,790,637,1140
img265.jpg,1240,1755,social distancing,37,440,976,1352
img301.jpg,300,168,Mask,79,78,111,103
img301.jpg,300,168,Mask,188,74,215,96
img301.jpg,300,168,Non Mask,110,45,136,68
img301.jpg,300,168,Non Mask,33,25,48,44
img301.jpg,300,168,Non Mask,152,60,172,80
img301.jpg,300,168,Non Mask,248,28,273,48
img301.jpg,300,168,No Social Distance,9,8,295,155
img398.jpg,275,183,Mask,189,116,219,142
img398.jpg,275,183,Mask,41,134,76,164
img398.jpg,275,183,Non Mask,9,40,28,58
img398.jpg,275,183,Non Mask,18,95,44,116
img398.jpg,275,183,Non Mask,83,63,105,81
img398.jpg,275,183,Non Mask,234,90,257,109
img398.jpg,275,183,Non Mask,58,21,71,31
img398.jpg,275,183,Non Mask,248,60,262,70
img398.jpg,275,183,No Social Distance,2,5,271,167
img47.jpg,141,157,Non Mask,10,75,133,152
People-in-South-Delhi-Line-Up-For-Food-3.jpg,875,656,No_Social_Distance,7,138,849,459
People-in-South-Delhi-Line-Up-For-Food-3.jpg,875,656,Non_Mask,120,178,157,209
People-in-South-Delhi-Line-Up-For-Food-3.jpg,875,656,Non_Mask,344,183,370,203
People-in-South-Delhi-Line-Up-For-Food-3.jpg,875,656,Mask,275,179,303,204
People-in-South-Delhi-Line-Up-For-Food-3.jpg,875,656,Mask,547,173,567,191
People-in-South-Delhi-Line-Up-For-Food-3.jpg,875,656,Mask,486,186,504,204
img375.jpg,183,275,Non Mask,38,97,110,152
img375.jpg,183,275,Social Distance,7,16,174,258
img281.jpg,549,308,social distancing,305,117,404,180
img281.jpg,549,308,social distancing,282,53,470,286
img281.jpg,549,308,no social distancing,28,46,258,200
img363.jpg,282,178,Social Distance,37,23,251,178
img259.jpg,225,225,mask,64,63,152,135
img259.jpg,225,225,social distancing,43,11,179,175
img28.jpg,223,303,Mask,10,177,223,298
img175.jpg,1500,950,Social Distance,6,17,1480,871
img238.jpg,288,175,mask,36,70,189,150
img238.jpg,288,175,social distancing,37,4,210,156
img50.jpg,135,117,Non Mask,13,60,123,116
img163.jpg,300,168,Mask,31,42,75,81
img163.jpg,300,168,Mask,91,39,132,71
img163.jpg,300,168,Mask,140,63,195,100
img163.jpg,300,168,Mask,210,114,264,157
img361.jpg,273,185,Mask,113,64,163,106
img361.jpg,273,185,Social Distance,34,15,244,185
img75.jpg,227,222,no mask,66,77,145,129
img75.jpg,227,222,social distancing,52,7,201,189
img154.jpg,280,180,Social Distance,8,41,268,172
img34.jpg,147,142,Non Mask,11,67,135,136
img360.jpg,259,194,Social Distance,14,84,250,182
img180.jpg,600,337,Mask,252,137,306,177
img180.jpg,600,337,Mask,208,67,253,104
img180.jpg,600,337,Non Mask,406,100,447,128
img45.jpg,142,138,Non Mask,8,71,134,128
img146.jpg,275,183,Social Distance,33,90,271,170
img64.jpg,194,259,no mask,54,115,132,170
img64.jpg,194,259,social distancing,35,15,170,216
img22.jpg,103,154,Mask,4,65,103,142
img237.jpg,275,183,mask,149,69,221,120
img237.jpg,275,183,social distancing,126,13,250,159
Social-Distancing-in-India-10.jpg,875,656,Social_Distance,6,117,874,470
mask_istock.jpg,643,482,Mask,265,191,386,271
img14.jpg,116,144,Mask,2,62,116,143
img200.jpg,300,168,No Social Distance,3,7,293,165
img200.jpg,300,168,Mask,20,75,47,94
img200.jpg,300,168,Mask,62,122,88,146
img200.jpg,300,168,Mask,109,87,136,109
img200.jpg,300,168,Mask,155,80,179,105
img200.jpg,300,168,Mask,213,62,239,86
img200.jpg,300,168,Mask,261,80,284,102
img200.jpg,300,168,Mask,148,23,170,41
img200.jpg,300,168,Non Mask,78,66,100,84
img200.jpg,300,168,Non Mask,94,27,116,43
img200.jpg,300,168,Non Mask,124,49,145,67
img147.jpg,300,168,Social Distance,6,41,282,161
img326.jpg,259,194,No Social Distance,2,55,258,188
delhi-vegetablemarket.jpg,1200,749,No_Social_Distance,22,217,1180,742
delhi-vegetablemarket.jpg,1200,749,Non_Mask,202,435,260,480
delhi-vegetablemarket.jpg,1200,749,Mask,990,355,1024,386
img91.jpg,275,183,no mask,119,72,165,100
img91.jpg,275,183,social distancing,96,32,192,136
img100.jpg,275,183,no mask,30,61,101,115
img100.jpg,275,183,social distancing,9,3,140,177
img258.jpg,225,225,mask,64,63,152,135
img258.jpg,225,225,social distancing,43,11,179,175
img211.jpg,275,183,social distancing,160,59,208,102
img211.jpg,275,183,social distancing,134,14,240,131
img236.jpg,275,183,mask,149,69,221,120
img236.jpg,275,183,social distancing,126,13,250,159
img27.jpg,345,445,Mask,5,216,345,439
img39.jpg,148,135,Non Mask,4,57,136,135
img225.jpg,224,224,mask,60,86,167,150
img225.jpg,224,224,social distancing,50,8,202,194
img291.jpg,554,311,mask,276,95,371,151
img291.jpg,554,311,social distancing,228,15,466,223
img184.jpg,300,168,Mask,20,46,54,70
img184.jpg,300,168,Mask,94,97,144,130
img184.jpg,300,168,Mask,213,101,255,143
img184.jpg,300,168,Mask,89,36,114,51
img184.jpg,300,168,Mask,273,55,296,74
img184.jpg,300,168,Mask,161,41,185,63
img184.jpg,300,168,Non Mask,56,89,89,119
img184.jpg,300,168,No Social Distance,3,3,298,159
img270.jpg,1755,1240,mask,707,453,1278,868
img270.jpg,1755,1240,social distancing,486,49,1575,997
img354.jpg,271,186,Social Distance,34,25,244,179
img90.jpg,275,183,no mask,119,72,165,100
img90.jpg,275,183,social distancing,96,32,192,136
img81.jpg,275,183,no mask,122,69,201,116
img81.jpg,275,183,social distancing,92,2,260,163
img84.jpg,275,183,no mask,64,57,109,85
img84.jpg,275,183,social distancing,46,18,139,125
social-distancing-bccl.jpg,1200,900,Social_Distance,7,217,1171,849
social-distancing-bccl.jpg,1200,900,Mask,31,321,63,348
social-distancing-bccl.jpg,1200,900,Mask,190,319,218,345
social-distancing-bccl.jpg,1200,900,Mask,349,319,375,356
social-distancing-bccl.jpg,1200,900,Mask,975,351,1020,399
img253.jpg,310,163,mask,129,65,197,112
img253.jpg,310,163,social distancing,121,9,226,144
Traffic.jpg,900,450,Social_Distance,290,28,900,446
Traffic.jpg,900,450,Mask,340,85,382,121
Traffic.jpg,900,450,Mask,718,97,750,140
Traffic.jpg,900,450,Non_Mask,622,74,652,98
img199.jpg,295,171,Mask,4,48,25,64
img199.jpg,295,171,Mask,89,60,107,75
img199.jpg,295,171,Mask,145,58,168,74
img199.jpg,295,171,Mask,229,51,249,68
img199.jpg,295,171,No Social Distance,1,20,290,164
img334.jpg,288,175,No Social Distance,4,37,285,113
img278.jpg,407,260,mask,80,85,122,107
img278.jpg,407,260,mask,313,42,350,67
img278.jpg,407,260,social distancing,37,19,392,226
img373.jpg,292,173,Mask,49,75,109,122
img373.jpg,292,173,Social Distance,5,5,159,173
img280.jpg,549,308,social distancing,305,117,404,180
img280.jpg,549,308,social distancing,282,53,470,286
img280.jpg,549,308,no social distancing,28,46,258,200
img82.jpg,300,168,no mask,165,60,232,97
img82.jpg,300,168,social distancing,140,9,256,160
img218.jpg,300,168,mask,109,58,156,91
img218.jpg,300,168,social distancing,90,5,228,144
img41.jpg,128,130,Non Mask,13,60,120,129
img29.jpg,118,179,Mask,2,117,118,178
img272.jpg,1755,1240,mask,853,466,1229,687
img272.jpg,1755,1240,social distancing,772,177,1469,950
img266.jpg,1755,1240,mask,263,384,838,731
img266.jpg,1755,1240,social distancing,184,51,968,1022
img15.jpg,241,369,Mask,1,178,218,353
img271.jpg,1755,1240,mask,707,453,1278,868
img271.jpg,1755,1240,social distancing,486,49,1575,997
img240.jpg,265,190,mask,107,54,173,98
img240.jpg,265,190,social distancing,96,2,202,154
img52.jpg,136,130,Non Mask,7,70,114,128
img260.jpg,1755,1240,mask,465,334,1142,761
img260.jpg,1755,1240,social distancing,378,15,1423,1016
img143.jpg,297,129,Social Distance,3,10,297,91
img205.jpg,300,168,mask,131,50,189,84
img205.jpg,300,168,social distancing,115,16,216,142
img390.jpg,290,174,Social Distance,2,38,290,90
img169.jpg,1024,707,Mask,318,260,372,301
img169.jpg,1024,707,Mask,427,258,466,295
img169.jpg,1024,707,Mask,549,234,607,280
img191.jpg,1200,749,No Social Distance,4,241,1170,714
img288.jpg,540,240,mask,148,86,378,227
img288.jpg,540,240,social distancing,78,4,482,235
img267.jpg,1755,1240,mask,263,384,838,731
img267.jpg,1755,1240,social distancing,184,51,968,1022
img19.jpg,67,96,Mask,1,50,67,96
img385.jpg,259,194,Social Distance,37,6,229,192
img385.jpg,259,194,Non Mask,85,86,154,140
img304.jpg,650,488,Social Distance,4,4,638,409
img157.jpg,284,177,Mask,50,48,73,67
img157.jpg,284,177,Mask,105,73,129,90
img157.jpg,284,177,No Social Distance,6,9,284,173
img235.jpg,299,168,mask,158,64,207,108
img235.jpg,299,168,social distancing,119,14,224,168
img320.jpg,224,224,Non Mask,58,122,76,135
img320.jpg,224,224,Non Mask,84,105,103,122
img320.jpg,224,224,Non Mask,156,123,174,137
img320.jpg,224,224,No Social Distance,39,97,203,215
img351.jpg,275,183,Social Distance,6,5,239,176
img307.jpg,1280,720,Mask,536,348,874,621
img307.jpg,1280,720,Social Distance,360,25,1036,711
img97.jpg,183,275,no mask,23,77,139,174
img97.jpg,183,275,social distancing,3,4,178,243
img391.jpg,900,450,Social Distance,285,34,873,432
img391.jpg,900,450,Mask,340,88,376,118
img391.jpg,900,450,Mask,716,103,746,138
img391.jpg,900,450,Non Mask,623,73,658,97
img53.jpg,148,136,Non Mask,4,63,106,136
img194.jpg,645,645,Non Mask,74,198,128,235
img194.jpg,645,645,Non Mask,407,195,427,220
img194.jpg,645,645,Non Mask,515,159,538,177
img194.jpg,645,645,Social Distance,61,176,630,465
img187.jpg,1200,629,Social Distance,25,122,1187,605
img224.jpg,224,224,mask,60,86,167,150
img224.jpg,224,224,social distancing,50,8,202,194
img323.jpg,340,148,Non Mask,129,67,144,81
img323.jpg,340,148,Non Mask,129,3,148,17
img323.jpg,340,148,Non Mask,180,9,196,23
img323.jpg,340,148,Non Mask,247,41,262,56
img323.jpg,340,148,Non Mask,228,25,244,37
img58.jpg,148,154,Non Mask,8,72,139,147
img343.jpg,1200,900,No Social Distance,8,86,1160,814
img343.jpg,1200,900,Non Mask,910,221,983,284
img343.jpg,1200,900,Non Mask,793,210,862,270
img343.jpg,1200,900,Non Mask,548,178,588,217
img343.jpg,1200,900,Mask,219,126,289,197
img343.jpg,1200,900,Mask,597,186,655,230
img62.jpg,268,188,no mask,78,84,172,152
img62.jpg,268,188,social distancing,51,12,224,169
img381.jpg,201,251,Non Mask,74,69,129,110
img381.jpg,201,251,Social Distance,15,19,185,241
img176.jpg,275,183,Non Mask,30,58,54,77
img176.jpg,275,183,Non Mask,91,79,112,95
img176.jpg,275,183,Non Mask,222,75,242,92
img176.jpg,275,183,Non Mask,154,46,171,57
img176.jpg,275,183,Mask,128,56,147,69
img176.jpg,275,183,No Social Distance,3,26,270,171
img33.jpg,153,134,Non Mask,6,59,142,132
img328.jpg,275,183,No Social Distance,1,21,266,158
img142.jpg,800,533,Social Distance,24,142,772,487
img142.jpg,800,533,Non Mask,438,147,466,172
img142.jpg,800,533,Non Mask,525,152,549,172
img142.jpg,800,533,Non Mask,681,154,715,176
img285.jpg,438,247,mask,149,71,215,136
img285.jpg,438,247,social distancing,131,11,312,196
img193.jpg,297,170,Mask,23,89,53,112
img193.jpg,297,170,Mask,139,78,175,107
img193.jpg,297,170,Mask,264,56,281,70
img193.jpg,297,170,Mask,103,66,125,86
img193.jpg,297,170,No Social Distance,1,20,294,144
img141.jpg,800,533,Social Distance,23,120,798,480
img141.jpg,800,533,Non Mask,529,151,551,172
img141.jpg,800,533,Non Mask,433,145,473,170
img141.jpg,800,533,Non Mask,677,152,711,178
img216.jpg,183,275,mask,34,102,154,184
img216.jpg,183,275,social distancing,16,4,180,238
img214.jpg,262,192,mask,85,54,175,110
img214.jpg,262,192,social distancing,56,1,251,155
img223.jpg,259,194,crack,99,6,215,135
img223.jpg,259,194,mask,90,86,149,123
img223.jpg,259,194,social distancing,74,44,199,173
img98.jpg,257,196,no mask,84,70,139,112
img98.jpg,257,196,social distancing,58,5,178,163
GettyImages-1208074277-645x645.jpg,645,645,Social_Distance,52,99,645,589
GettyImages-1208074277-645x645.jpg,645,645,Non_Mask,75,200,121,236
GettyImages-1208074277-645x645.jpg,645,645,Non_Mask,406,197,429,219
GettyImages-1208074277-645x645.jpg,645,645,Non_Mask,517,161,537,178
